題名,creator,日期,類型,來源,識別碼,來源網址,語言,描述,主題,年代範圍,地理範圍,關聯,出版者,貢獻者,取得日期,授權狀態,授權備註,收錄狀態,備註
熱蘭遮城日誌卷一（1629-1641）,江樹生（譯註）,2000-12,人物傳記與家族史料,臺灣日記知識庫（中研院臺史所）,TACO-Zeelandia-01,https://taco.ith.sinica.edu.tw/tdk/,zh,荷蘭東印度公司於大員之日誌中譯本，收錄1629年至1641年逐日記載，含貿易、政治、原住民互動等,熱蘭遮城日誌;荷治;大員;VOC,荷西時期,大員（臺南安平）,荷文本 De dagregisters van het Kasteel Zeelandia DEEL I,臺南市政府文化局,中研院臺史所（數位化）; 江樹生（譯註）,2026-07-30,UNCLEAR,臺南市政府文化局授權中研院臺史所收錄於日記知識庫，線上閱覽需申請帳號,已收錄 metadata,207萬字中譯本；2024年再版改為10冊
熱蘭遮城日誌卷二（1641-1648）,江樹生（譯註）,2002-12,人物傳記與家族史料,臺灣日記知識庫（中研院臺史所）,TACO-Zeelandia-02,https://taco.ith.sinica.edu.tw/tdk/,zh,荷蘭東印度公司於大員之日誌中譯本，收錄1641年至1648年逐日記載,熱蘭遮城日誌;荷治;大員;VOC,荷西時期,大員（臺南安平）,荷文本 De dagregisters van het Kasteel Zeelandia DEEL II,臺南市政府文化局,中研院臺史所（數位化）; 江樹生（譯註）,2026-07-30,UNCLEAR,同上,已收錄 metadata,
熱蘭遮城日誌卷三（1648-1655）,江樹生（譯註）,2004,人物傳記與家族史料,臺灣日記知識庫（中研院臺史所）,TACO-Zeelandia-03,https://taco.ith.sinica.edu.tw/tdk/,zh,荷蘭東印度公司於大員之日誌中譯本，收錄1648年至1655年逐日記載,熱蘭遮城日誌;荷治;大員;VOC,荷西時期,大員（臺南安平）,荷文本 De dagregisters van het Kasteel Zeelandia DEEL III,臺南市政府文化局,中研院臺史所（數位化）; 江樹生（譯註）,2026-07-30,UNCLEAR,同上,已收錄 metadata,
熱蘭遮城日誌卷四（1655-1662）,江樹生（譯註）,2011,人物傳記與家族史料,臺灣日記知識庫（中研院臺史所）,TACO-Zeelandia-04,https://taco.ith.sinica.edu.tw/tdk/,zh,荷蘭東印度公司於大員之日誌中譯本，收錄1655年至1662年鄭成功攻臺之日誌,熱蘭遮城日誌;荷治;鄭成功;大員,荷西時期,大員（臺南安平）,荷文本 De dagregisters van het Kasteel Zeelandia DEEL IV,臺南市政府文化局,中研院臺史所（數位化）; 江樹生（譯註）,2026-07-30,UNCLEAR,同上,已收錄 metadata,
巴達維亞城日記—臺灣相關記事（1624-1629）,荷蘭東印度公司巴達維亞政府,1624-1629,官方檔案文書,荷蘭海牙國立中央檔案館（中譯本）,,-,zh,巴達維亞城日記中與臺灣相關之紀錄，含荷人自澎湖轉進大員初期統治情況,巴達維亞城日記;荷治;VOC;澎湖,荷西時期,巴達維亞;大員;澎湖,熱蘭遮城日誌,–,曹永和、江樹生等（編譯）,2026-07-30,UNCLEAR,中譯本散見各出版品，數位版未完備,僅收錄 metadata,目前無單一數位資料庫收錄完整中譯本
明清臺灣行政檔案—福建巡撫南居益疏報逐荷夷出澎湖,南居益,1624,官方檔案文書,臺灣歷史數位圖書館（THDL）,THDL-MQ-1624001,http://thdl.ntu.edu.tw/,zh,天啟4年福建巡撫南居益奏報驅逐荷蘭人出澎湖之經過，為臺灣荷治時期開啟之關鍵史料,澎湖之戰;荷蘭;明代海事;鄭芝龍,荷西時期,澎湖;福建,明清臺灣行政檔案（THDL 文獻集）,–,國立臺灣大學數位人文研究中心（全文數位化）,2026-07-30,UNCLEAR,THDL 提供免登入全文檢索,已收錄 metadata,THDL 全文已數位化
明清臺灣行政檔案—福建巡撫鄒維璉請禁海疏,鄒維璉,1633,官方檔案文書,臺灣歷史數位圖書館（THDL）,THDL-MQ-1633001,http://thdl.ntu.edu.tw/,zh,崇禎6年福建巡撫鄒維璉請禁海以制荷夷之奏疏，涉及明荷料羅灣海戰前後局勢,明荷關係;海禁;料羅灣,荷西時期,福建;料羅灣,明清臺灣行政檔案（THDL 文獻集）,–,國立臺灣大學數位人文研究中心（全文數位化）,2026-07-30,UNCLEAR,同上,已收錄 metadata,
明清臺灣行政檔案—福建巡撫沈猶龍請恤陣亡將士疏,沈猶龍,1639,官方檔案文書,臺灣歷史數位圖書館（THDL）,THDL-MQ-1639001,http://thdl.ntu.edu.tw/,zh,崇禎12年福建巡撫沈猶龍奏請撫卹與荷蘭作戰陣亡將士,明荷戰爭;陣亡撫卹;福建,荷西時期,福建,明清臺灣行政檔案（THDL 文獻集）,–,國立臺灣大學數位人文研究中心（全文數位化）,2026-07-30,UNCLEAR,同上,已收錄 metadata,
明清臺灣行政檔案—鄭芝龍題報海上捷音疏,鄭芝龍,1640,官方檔案文書,臺灣歷史數位圖書館（THDL）,THDL-MQ-1640001,http://thdl.ntu.edu.tw/,zh,鄭芝龍題報剿平海寇及與荷人交涉及賞賚事宜,鄭芝龍;海商;明代海事,荷西時期,福建;臺灣海峽,明清臺灣行政檔案（THDL 文獻集）,–,國立臺灣大學數位人文研究中心（全文數位化）,2026-07-30,UNCLEAR,同上,已收錄 metadata,
明清臺灣行政檔案—招諭鄭芝龍勳賞稿,兵部,1628,官方檔案文書,臺灣歷史數位圖書館（THDL）,THDL-MQ-1628001,http://thdl.ntu.edu.tw/,zh,崇禎元年兵部招撫鄭芝龍之文書，涉及鄭氏勢力與臺海局勢,鄭芝龍;招安;海上勢力,荷西時期,福建;臺灣海峽,明清臺灣行政檔案（THDL 文獻集）,–,國立臺灣大學數位人文研究中心（全文數位化）,2026-07-30,UNCLEAR,同上,已收錄 metadata,
荷據時代台灣史,楊彥杰,2000-11,人物傳記與家族史料,聯經出版公司,ISBN 9789570821482,–,zh,系統性研究荷蘭據臺38年之專著，含政治、經濟、社會、人口等分析,荷治;臺灣史;專書研究,荷西時期,全臺灣,–,聯經出版公司,–,2026-07-30,ARR,紙本書，需購閱,僅收錄 metadata,二手研究專書（非一手史料，列為參考文獻）
福爾摩沙如何變成臺灣府,歐陽泰（Tonio Andrade）; 鄭維中（譯）,2007,人物傳記與家族史料,遠流出版公司,ISBN 9573259400,–,zh,荷治臺灣史經典著作，探討荷蘭殖民如何改變臺灣社會,荷治;殖民;臺灣開發,荷西時期,全臺灣,–,遠流出版公司,–,2026-07-30,ARR,紙本書，需購閱,僅收錄 metadata,二手研究專書（非一手史料，列為參考文獻）
荷蘭人在臺灣的經營（數位學習教材）,國立臺灣大學數位人文研究中心,2020,人物傳記與家族史料,臺大數位人文中心,NTU-DH-2020-Dutch,http://education.digital.ntu.edu.tw/taiwanhistory/jcg02.html,zh,臺大數位人文中心製作之荷治時期臺灣數位教材，含東印度公司、貿易網絡、大員市鎮等單元,荷治;數位教材;東印度公司;大員,荷西時期,大員;全臺灣,探索臺灣歷史數位學習知識網,國立臺灣大學,–,2026-07-30,UNCLEAR,臺大數位人文中心網站公開瀏覽,已收錄 metadata,教學使用之二次文獻
新港語聖經（馬太福音）,荷蘭宣教師,1661,人物傳記與家族史料,荷蘭（原件）; 臺灣（數位典藏）,,-,nl,17世紀荷蘭宣教師以新港語（西拉雅語）翻譯之聖經章節，為臺灣原住民語言重要文獻,新港語;西拉雅;基督教;荷治,荷西時期,新港（今臺南新市）,–,荷蘭東印度公司,–,2026-07-30,UNCLEAR,原件藏荷蘭，數位版未完備,僅收錄 metadata,語言學與文化史重要史料；數位化程度低
費佛朗語詞典,荷蘭宣教師,1650,人物傳記與家族史料,荷蘭（原件）,,-,nl,荷蘭宣教師編撰之費佛朗語（Favorlang，今中臺灣巴布薩族語）詞典，為臺灣平埔語言珍貴紀錄,費佛朗語;巴布薩;語言;荷治,荷西時期,中臺灣（虎尾壠地區）,–,荷蘭東印度公司,–,2026-07-30,UNCLEAR,原件藏荷蘭，數位版未完備,僅收錄 metadata,目前僅存之費佛朗語系統性紀錄
