"題名","creator","日期","類型","來源","識別碼","來源網址","語言","資料類型","描述","主題","年代範圍","地理範圍","翻譯者","關聯","出版者","貢獻者","取得日期","授權狀態","授權備註","收錄狀態","備註","中華人民共和國"
"中華人民共和國國務院公報","中華人民共和國國務院","中華人民共和國（1949–迄今）","官方檔案文書","中華人民共和國國務院","CN-ST-PRC-01","https://www.gov.cn/","zh","文字","中華人民共和國國務院公報，刊載國務院令、行政法規、部門規章與重要政策文件，自1954年創刊持續至今，中央人民政府入口網站提供歷年公報全文檢索","國務院;公報;行政法規;政策;國務院令","中華人民共和國（1949–迄今）","全中國","–","中華人民共和國憲法與法律文本;中國共產黨中央文件選編","中華人民共和國國務院","中華人民共和國國務院","2026-07-31","UNCLEAR","網站公開瀏覽","已收錄 metadata","現行行政法規之官方紀錄","中華人民共和國"
"全國人民代表大會常務委員會公報","全國人民代表大會常務委員會","中華人民共和國（1954–迄今）","官方檔案文書","全國人民代表大會常務委員會","CN-ST-PRC-02","https://www.npc.gov.cn/","zh","文字","全國人民代表大會常務委員會公報，刊載立法審議紀錄、法律文本與監督事項，官方網站提供歷次會議內容，為查考共和國立法沿革之權威文獻","全國人大;人大常委會;立法;法律;監督","中華人民共和國（1949–迄今）","北京","–","中華人民共和國憲法與法律文本;中國人民政治協商會議史料","全國人民代表大會常務委員會","全國人民代表大會常務委員會","2026-07-31","UNCLEAR","網站公開瀏覽","已收錄 metadata","共和國立法沿革權威文獻","中華人民共和國"
"中國共產黨中央文件選編","中共中央文獻研究室","中華人民共和國（1949–）","官方檔案文書","中央檔案館","CN-ST-PRC-03","https://www.saac.gov.cn/","zh","文字","中共中央重要文件選編與《建國以來重要文獻選編》等系列，收錄1949年以來中央會議決議、方針政策與領導人文稿，中央檔案館與文獻研究部門整理，為共和國政治史之基本文獻","中國共產黨;中央文件;文獻選編;政策;檔案","中華人民共和國（1949–迄今）","北京、全中國","–","十一屆三中全會與改革開放文件;毛澤東選集與建國以來文稿","中共中央文獻研究室","中央檔案館","2026-07-31","UNCLEAR","出版品公開發行","已收錄 metadata","共和國政治史基本文獻","中華人民共和國"
"新華社電訊與檔案","新華通訊社","中華人民共和國（1949–迄今）","官方檔案文書","新華社","CN-ST-PRC-04","https://www.news.cn/","zh","文字;圖檔;影音","新華通訊社自建國起之電訊稿、通稿與歷史檔案，含重大事件現場報導與社論，新華網提供歷史報導檢索，為共和國官方新聞紀錄之主體","新華社;電訊;通稿;新聞;官方","中華人民共和國（1949–迄今）","全中國","–","開國大典影像與照片;新華社歷史圖片庫","新華通訊社","新華社","2026-07-31","UNCLEAR","網站公開瀏覽","已收錄 metadata","官方新聞紀錄主體","中華人民共和國"
"中國人民政治協商會議史料","中國人民政治協商會議全國委員會","中華人民共和國（1949–迄今）","官方檔案文書","中國人民政治協商會議全國委員會","CN-ST-PRC-05","https://www.cppcc.gov.cn/","zh","文字","中國人民政治協商會議歷屆會議之文件與提案史料，涵蓋1949年籌建新政協至當代協商民主制度，政協網站提供歷屆會議資訊，為共和國政治制度史之重要文獻","政協;政治協商;統一戰線;會議;提案","中華人民共和國（1949–迄今）","北京、全中國","–","中華人民共和國憲法與法律文本;全國人民代表大會常務委員會公報","中國人民政治協商會議全國委員會","中國人民政治協商會議全國委員會","2026-07-31","UNCLEAR","網站公開瀏覽","已收錄 metadata","政治協商制度文獻","中華人民共和國"
"土地改革運動檔案","中華人民共和國中央人民政府","中華人民共和國（1950–1953）","官方檔案文書","中國國家檔案局","CN-ST-PRC-06","https://www.saac.gov.cn/","zh","文字;圖檔","1950年《土地改革法》公布後全國土地改革運動之檔案，涵蓋各地土改呈報、分田登記與農會資料，中央檔案館及各省檔案館典藏，為共和國初期農村改革之核心史料","土地改革;土改;農村;農民;階級","中華人民共和國（1949–迄今）","全中國","–","一五計畫與社會主義改造檔案;中國共產黨中央文件選編","中華人民共和國中央人民政府","中國國家檔案局","2026-07-31","UNCLEAR","館藏檔案，需申請調閱","已收錄 metadata","共和國初期農村改革檔案","中華人民共和國"
"一五計畫與社會主義改造檔案","中華人民共和國國家計畫委員會","中華人民共和國（1953–1957）","官方檔案文書","中央檔案館","CN-ST-PRC-07","https://www.saac.gov.cn/","zh","文字;圖檔","第一個五年計畫（1953–1957）之經濟計畫文件與對農業、手工業、資本主義工商業社會主義改造之檔案，涵蓋重工業建設與公私合營過程，為共和國計畫經濟體制之開端紀錄","一五計畫;社會主義改造;公私合營;計畫經濟;工業化","中華人民共和國（1949–迄今）","全中國","–","土地改革運動檔案;中國人民銀行金融史料","中華人民共和國國家計畫委員會","中央檔案館","2026-07-31","UNCLEAR","館藏檔案，需申請調閱","已收錄 metadata","計畫經濟體制開端紀錄","中華人民共和國"
"大躍進與人民公社史料","中共中央","中華人民共和國（1958–1961）","官方檔案文書","中國國家圖書館","CN-ST-PRC-08","https://www.nlc.cn/","zh","文字","1958年大躍進運動與人民公社化之政策文件、報刊報導與地方史料，涵蓋全民大煉鋼鐵、糧食高產浮報與公社食堂，中國國家圖書館整理專題文獻，為共和國農業與經濟史之重要研究史料","大躍進;人民公社;煉鋼;浮報;農業","中華人民共和國（1949–迄今）","全中國","–","一五計畫與社會主義改造檔案;中國工業與國民經濟統計","中共中央","中國國家圖書館","2026-07-31","UNCLEAR","館藏原件，需申請調閱","已收錄 metadata","大躍進運動文獻","中華人民共和國"
"文化大革命檔案","中共中央文化革命小組","中華人民共和國（1966–1976）","官方檔案文書","中央檔案館","CN-ST-PRC-09","https://www.saac.gov.cn/","zh","文字;圖檔","文化大革命（1966–1976）期間之中央文件、紅衛兵文獻與地方檔案，含毛澤東「五一六通知」「八一八接見」等歷史文電，中央檔案館與各地檔案館典藏，為共和國政治史最具爭議時期之原始史料","文化大革命;文革;紅衛兵;中央文革小組;政治運動","中華人民共和國（1949–迄今）","全中國","–","大躍進與人民公社史料;中國共產黨中央文件選編","中共中央文化革命小組","中央檔案館","2026-07-31","UNCLEAR","館藏檔案，需申請調閱","已收錄 metadata","文革時期原始文獻","中華人民共和國"
"十一屆三中全會與改革開放文件","中國共產黨","中華人民共和國（1978–）","官方檔案文書","中國共產黨新聞網","CN-ST-PRC-10","https://cpc.people.com.cn/","zh","文字","1978年12月中共十一屆三中全會決議與改革開放以來之中央文件，確立經濟體制改革與對外開放路線，中國共產黨新聞網提供歷屆全會公報與文件全文，為共和國轉型史之關鍵文獻","十一屆三中全會;改革開放;經濟體制改革;鄧小平;決議","中華人民共和國（1949–迄今）","北京、全中國","–","鄧小平文選與年譜;深圳經濟特區檔案","中國共產黨","中國共產黨新聞網","2026-07-31","UNCLEAR","網站公開瀏覽","已收錄 metadata","改革開放開端文件","中華人民共和國"
"香港澳門回歸檔案","中華人民共和國政府","中華人民共和國（1984–1999）","官方檔案文書","中國第二歷史檔案館","CN-ST-PRC-11","http://www.shac.net.cn/","zh","文字;圖檔;影音","中英聯合聲明、中葡聯合聲明及香港（1997）、澳門（1999）回歸之官方檔案與典禮影像，涵蓋移交談判與特別行政區籌備過程，為共和國外交與國家統一史之重要史料","香港回歸;澳門回歸;一國兩制;中英聯合聲明;主權移交","中華人民共和國（1949–迄今）","香港、澳門、北京","–","中華人民共和國憲法與法律文本;新華社電訊與檔案","中華人民共和國政府","中國第二歷史檔案館","2026-07-31","UNCLEAR","館藏檔案，需申請調閱","已收錄 metadata","回歸過程官方檔案","中華人民共和國"
"中華人民共和國憲法與法律文本","全國人民代表大會","中華人民共和國（1954–迄今）","官方檔案文書","全國人民代表大會常務委員會","CN-ST-PRC-12","https://www.npc.gov.cn/","zh","文字","1954年、1975年、1978年、1982年歷部憲法及其修正案與現行法律文本，官方網站公布全文並持續更新，為查考共和國憲政演變與法制建設之基本文獻","憲法;法律;修正案;全國人大;法制","中華人民共和國（1949–迄今）","北京、全中國","–","全國人民代表大會常務委員會公報;中華民國臨時約法","全國人民代表大會","全國人民代表大會常務委員會","2026-07-31","UNCLEAR","網站公開瀏覽","已收錄 metadata","憲政演變基本文獻","中華人民共和國"
"中華人民共和國行政區劃地圖集","中華人民共和國民政部","中華人民共和國（1949–迄今）","方志與輿圖","中華人民共和國民政部","CN-ST-PRC-13","https://www.mca.gov.cn/","zh","文字;地圖","民政部編纂之行政區劃地圖與沿革資料，涵蓋省級行政區調整、地級市改制與縣級區劃變遷，民政部網站提供行政區劃查詢，為共和國行政區域變動之權威資料","行政區劃;地圖;民政部;省級行政區;沿革","中華人民共和國（1949–迄今）","全中國","–","中國新方志;國家統計局","中華人民共和國民政部","中華人民共和國民政部","2026-07-31","UNCLEAR","網站公開瀏覽","已收錄 metadata","行政區劃變動權威資料","中華人民共和國"
"中國新方志（1949年以來）","各省縣地方志編纂委員會","中華人民共和國（1949–迄今）","方志與輿圖","中國國家圖書館","CN-ST-PRC-14","https://www.nlc.cn/","zh","文字;地圖","1949年以來各地編修之省志、市志與縣志，內容涵蓋地理、沿革、經濟、社會與人物，中國國家圖書館「新方志」典藏為全國最完整，為研究共和國地方史之基礎文獻","新方志;地方志;縣志;省志;地方史","中華人民共和國（1949–迄今）","全中國","–","中華人民共和國行政區劃地圖集;中華人民共和國統計","各省縣地方志編纂委員會","中國國家圖書館","2026-07-31","UNCLEAR","館藏原件，需申請調閱","已收錄 metadata","共和國地方史基礎文獻","中華人民共和國"
"人民日報圖文資料庫","人民日報社","中華人民共和國（1948–迄今）","報刊與雜誌","人民日報社","CN-ST-PRC-15","https://www.people.com.cn/","zh","文字;圖檔","《人民日報》為中共機關報，1948年創刊迄今連續出版，人民網提供1946年以來圖文全文檢索，為研究共和國政治、社會與輿論史之最重要報刊史料","人民日報;機關報;報刊;新聞史;全文庫","中華人民共和國（1949–迄今）","北京、全中國","–","光明日報;新華社電訊與檔案","人民日報社","人民日報社","2026-07-31","UNCLEAR","網站公開瀏覽","已收錄 metadata","共和國最重要報刊史料","中華人民共和國"
"光明日報","光明日報社","中華人民共和國（1949–迄今）","報刊與雜誌","光明日報社","CN-ST-PRC-16","https://www.gmw.cn/","zh","文字;圖檔","《光明日報》1949年創刊，以知識分子與學術界為主要讀者，報導科技、教育、文化與學術動態，光明網提供歷年內容檢索，為研究共和國知識界與意識形態史之重要報刊","光明日報;知識分子;學術;教育;報刊","中華人民共和國（1949–迄今）","北京、全中國","–","人民日報圖文資料庫;恢復高考檔案","光明日報社","光明日報社","2026-07-31","UNCLEAR","網站公開瀏覽","已收錄 metadata","知識界重要報刊","中華人民共和國"
"參考消息","新華通訊社","中華人民共和國（1931–迄今）","報刊與雜誌","新華社","CN-ST-PRC-17","https://www.news.cn/","zh","文字","《參考消息》由新華社主辦，創刊於革命時期、建國後成為公開發行之國際資訊報刊，轉載境外媒體報導並反映官方視野，為研究共和國對外認知與輿論之特殊史料","參考消息;新華社;國際資訊;報刊;輿論","中華人民共和國（1949–迄今）","北京、全中國","–","人民日報圖文資料庫;新華社電訊與檔案","新華通訊社","新華社","2026-07-31","UNCLEAR","網站公開瀏覽","已收錄 metadata","國際資訊官方報刊","中華人民共和國"
"中國青年報","中國青年報社","中華人民共和國（1951–迄今）","報刊與雜誌","中國青年報社","CN-ST-PRC-18","https://www.cyol.com/","zh","文字;圖檔","《中國青年報》1951年創刊，為共青團中央機關報，記錄歷代青年運動、知識青年與當代青年文化，中青在線提供全文檢索，為研究共和國青年史之重要報刊","中國青年報;青年;共青團;知青;報刊","中華人民共和國（1949–迄今）","北京、全中國","–","知識青年上山下鄉口述;人民日報圖文資料庫","中國青年報社","中國青年報社","2026-07-31","UNCLEAR","網站公開瀏覽","已收錄 metadata","青年運動重要報刊","中華人民共和國"
"文匯報","文匯報社","中華人民共和國（1949–迄今）","報刊與雜誌","文匯報社","CN-ST-PRC-19","https://www.whb.cn/","zh","文字","《文匯報》前身1938年創刊於上海，建國後為上海主要報紙之一，以知識分子讀者與文化報導見長，文匯網提供新聞與歷史內容，為研究共和國上海城市史與知識界之報刊","文匯報;上海;文化;知識分子;報刊","中華人民共和國（1949–迄今）","上海","–","申報;光明日報","文匯報社","文匯報社","2026-07-31","UNCLEAR","網站公開瀏覽","已收錄 metadata","上海知識界報刊","中華人民共和國"
"南方週末","南方日報報業集團","中華人民共和國（1984–迄今）","報刊與雜誌","南方日報報業集團","CN-ST-PRC-20","https://www.infzm.com/","zh","文字","《南方週末》1984年創刊，以深度報導與監督報導著稱，見證改革開放以來中國新聞界之發展，南方新聞網提供歷年文章，為研究當代中國社會與媒體史之代表性刊物","南方週末;深度報導;新聞;改革開放;媒體","中華人民共和國（1949–迄今）","廣州、全中國","–","人民日報圖文資料庫;改革開放親歷者口述","南方日報報業集團","南方日報報業集團","2026-07-31","UNCLEAR","網站公開瀏覽","已收錄 metadata","改革時代深度報導刊物","中華人民共和國"
"毛澤東選集與建國以來文稿","毛澤東","中華人民共和國（1949–1976）","人物傳記與家族史料","人民出版社","CN-ST-PRC-21","https://www.pph166.com/","zh","文字","《毛澤東選集》四卷與《建國以來毛澤東文稿》系列，收錄毛澤東著作、講話與文稿，人民出版社出版，為研究共和國建政與政治運動之核心一手文獻","毛澤東;選集;文稿;講話;中國共產黨","中華人民共和國（1949–迄今）","北京、全中國","–","中國共產黨中央文件選編;文化大革命檔案","毛澤東","人民出版社","2026-07-31","UNCLEAR","出版品公開發行","已收錄 metadata","毛澤東著作與文稿","中華人民共和國"
"周恩來年譜","中共中央文獻研究室","中華人民共和國（1949–1976）","人物傳記與家族史料","中共中央黨史和文獻研究院","CN-ST-PRC-22","https://www.dswxyjy.org.cn/","zh","文字","《周恩來年譜》與《周恩來文選》，系統編排周恩來自建國前至逝世之活動與文電，中共中央文獻研究室（現併入黨史和文獻研究院）編纂，為共和國外交與內政決策史之基礎史料","周恩來;年譜;文選;外交;總理","中華人民共和國（1949–迄今）","北京、全中國","–","中國共產黨中央文件選編;香港澳門回歸檔案","中共中央文獻研究室","中共中央黨史和文獻研究院","2026-07-31","UNCLEAR","出版品公開發行","已收錄 metadata","周恩來決策與活動紀錄","中華人民共和國"
"鄧小平文選與年譜","鄧小平","中華人民共和國（1978–1997）","人物傳記與家族史料","中共中央黨史和文獻研究院","CN-ST-PRC-23","https://www.dswxyjy.org.cn/","zh","文字","《鄧小平文選》三卷與《鄧小平年譜》，收錄鄧小平主持改革開放時期之講話、談話與文稿，中共中央文獻研究室編纂，為共和國改革開放史之核心一手文獻","鄧小平;文選;年譜;改革開放;南方談話","中華人民共和國（1949–迄今）","北京、深圳、全中國","–","十一屆三中全會與改革開放文件;深圳經濟特區檔案","鄧小平","中共中央黨史和文獻研究院","2026-07-31","UNCLEAR","出版品公開發行","已收錄 metadata","改革開放核心文獻","中華人民共和國"
"中國共產黨歷任領導人文獻庫","中共中央黨史和文獻研究院","中華人民共和國（1949–迄今）","人物傳記與家族史料","中國共產黨新聞網","CN-ST-PRC-24","https://cpc.people.com.cn/","zh","文字","中國共產黨新聞網整理之歷任領導人著作與講話文獻庫，涵蓋毛澤東以降各代領導人全集選集，為研究共和國高層政治與官方思想史之便捷檢索平台","領導人;文獻庫;中國共產黨;講話;全集","中華人民共和國（1949–迄今）","北京、全中國","–","毛澤東選集與建國以來文稿;鄧小平文選與年譜","中共中央黨史和文獻研究院","中國共產黨新聞網","2026-07-31","UNCLEAR","網站公開瀏覽","已收錄 metadata","歷任領導人文獻集成","中華人民共和國"
"中共黨史人物傳","中共中央黨史研究室","中華人民共和國（1949–）","人物傳記與家族史料","中共中央黨史和文獻研究院","CN-ST-PRC-25","https://www.dswxyjy.org.cn/","zh","文字","《中共黨史人物傳》大型人物傳記叢書，為歷代中國共產黨重要人物立傳，中共中央黨史研究室編纂、中共黨史出版社出版，為研究共和國政治人物史之基礎工具書","中共黨史;人物傳;傳記;中國共產黨;黨史","中華人民共和國（1949–迄今）","全中國","–","周恩來年譜;鄧小平文選與年譜","中共中央黨史研究室","中共中央黨史和文獻研究院","2026-07-31","UNCLEAR","出版品公開發行","已收錄 metadata","中共重要人物傳記叢書","中華人民共和國"
"錢學森文獻與檔案","錢學森","中華人民共和國（1955–2009）","人物傳記與家族史料","中國科學院","CN-ST-PRC-26","https://www.cas.cn/","zh","文字;圖檔","「兩彈一星」元勳錢學森之文集、書信與科學工作檔案，涵蓋其歸國、航天與系統工程思想，上海交通大學錢學森圖書館與中國科學院整理典藏，為共和國科技史之重要人物史料","錢學森;航天;兩彈一星;系統工程;科技史","中華人民共和國（1949–迄今）","北京、上海、全中國","–","兩彈一星元勳口述史;中國科學院科技發展史料","錢學森","中國科學院","2026-07-31","UNCLEAR","館藏檔案，需申請調閱","已收錄 metadata","航天奠基人檔案","中華人民共和國"
"開國大典影像與照片（1949）","中央檔案館","中華人民共和國（1949）","照片與影像","中央檔案館","CN-ST-PRC-27","https://www.saac.gov.cn/","zh","圖檔;影音","1949年10月1日中華人民共和國開國大典之紀錄影片與照片，含毛澤東宣告「中華人民共和國中央人民政府今天成立了」之歷史畫面，中央檔案館典藏並適度公開","開國大典;1949;影像;照片;天安門","中華人民共和國（1949–迄今）","北京","–","新華社歷史圖片庫;中華人民共和國憲法與法律文本","中央檔案館","中央檔案館","2026-07-31","UNCLEAR","館藏影像，需申請調閱","已收錄 metadata","建國歷史時刻影像","中華人民共和國"
"新華社歷史圖片庫","新華通訊社","中華人民共和國（1949–迄今）","照片與影像","新華社","CN-ST-PRC-28","https://www.news.cn/","zh","圖檔","新華社通訊員拍攝之歷史新聞照片庫，涵蓋建國以來重大事件、領袖活動與社會變遷，新華網影像頻道提供專題瀏覽，為共和國視覺史之最大型官方圖庫","新華社;新聞照片;圖庫;影像;歷史瞬間","中華人民共和國（1949–迄今）","全中國","–","開國大典影像與照片;改革開放四十年影像","新華通訊社","新華社","2026-07-31","UNCLEAR","網站公開瀏覽","已收錄 metadata","共和國最大型官方圖庫","中華人民共和國"
"文化大革命影像資料","中國國家圖書館","中華人民共和國（1966–1976）","照片與影像","中國國家圖書館","CN-ST-PRC-29","https://www.nlc.cn/","zh","圖檔;影音","文化大革命時期之照片、宣傳畫與紀錄影像資料，涵蓋紅衛兵運動、大串聯與批鬥大會等畫面，中國國家圖書館整理文革專題文獻，為該時期之直接視覺史料","文化大革命;影像;紅衛兵;宣傳畫;照片","中華人民共和國（1949–迄今）","全中國","–","文化大革命檔案;人民日報圖文資料庫","中國國家圖書館","中國國家圖書館","2026-07-31","UNCLEAR","館藏影像，需申請調閱","已收錄 metadata","文革時期視覺史料","中華人民共和國"
"改革開放四十年影像","人民網","中華人民共和國（1978–2018）","照片與影像","人民網","CN-ST-PRC-30","https://www.people.com.cn/","zh","圖檔;影音","人民網製作之改革開放四十周年影像專題，含深圳特區、沿海開放、鄉鎮企業與城市變遷之新聞照片，為共和國轉型時期社會經濟變革之視覺紀錄","改革開放;影像;四十年;深圳;變遷","中華人民共和國（1949–迄今）","全中國","–","深圳經濟特區檔案;新華社歷史圖片庫","人民網","人民網","2026-07-31","UNCLEAR","網站公開瀏覽","已收錄 metadata","改革開放視覺紀錄","中華人民共和國"
"中國統計年鑑","國家統計局","中華人民共和國（1981–迄今）","統計與調查資料","國家統計局","CN-ST-PRC-31","https://www.stats.gov.cn/","zh","文字","《中國統計年鑑》自1981年起逐年出版，系統彙編國民經濟、人口、工業、農業、貿易與財政等指標，國家統計局網站提供歷年資料庫查詢，為研究共和國經濟社會之權威統計","統計年鑑;國家統計局;國民經濟;指標;數據庫","中華人民共和國（1949–迄今）","全中國","–","中國人口普查資料;中國工業與國民經濟統計","國家統計局","國家統計局","2026-07-31","UNCLEAR","網站公開瀏覽","已收錄 metadata","共和國權威綜合統計","中華人民共和國"
"中國人口普查資料（1953–2020）","國家統計局","中華人民共和國（1953–2020）","統計與調查資料","國家統計局","CN-ST-PRC-32","https://www.stats.gov.cn/","zh","文字","1953、1964、1982、1990、2000、2010、2020年歷次全國人口普查資料，涵蓋人口總量、結構、城鄉分布與家庭規模，國家統計局公布歷次普查公報與主要數據，為共和國人口史之基礎統計","人口普查;人口;普查;國家統計局;人口結構","中華人民共和國（1949–迄今）","全中國","–","中國統計年鑑;民國時期人口統計與戶口調查","國家統計局","國家統計局","2026-07-31","UNCLEAR","網站公開瀏覽","已收錄 metadata","歷次人口普查數據","中華人民共和國"
"中國工業與國民經濟統計","國家統計局","中華人民共和國（1949–迄今）","統計與調查資料","國家統計局","CN-ST-PRC-33","https://www.stats.gov.cn/","zh","文字","國家統計局發布之工業生產、國內生產總值、固定資產投資與國民經濟核算等統計資料，含改革開放前後對比數據，為研究共和國經濟發展與結構變遷之權威數據來源","工業統計;國民經濟;GDP;統計數據;經濟發展","中華人民共和國（1949–迄今）","全中國","–","中國統計年鑑;一五計畫與社會主義改造檔案","國家統計局","國家統計局","2026-07-31","UNCLEAR","網站公開瀏覽","已收錄 metadata","共和國經濟統計權威","中華人民共和國"
"中國能源統計年鑑","國家統計局","中華人民共和國（1986–迄今）","統計與調查資料","國家統計局","CN-ST-PRC-34","https://www.stats.gov.cn/","zh","文字","《中國能源統計年鑑》彙編能源生產、消費、進出口與結構數據，國家統計局能源統計資料庫提供歷年查詢，為研究共和國能源政策與環境變遷之基礎統計史料","能源統計;能源;年鑑;統計數據;環境","中華人民共和國（1949–迄今）","全中國","–","中國統計年鑑;三北防護林工程史料","國家統計局","國家統計局","2026-07-31","UNCLEAR","網站公開瀏覽","已收錄 metadata","能源數據基礎史料","中華人民共和國"
"秦始皇兵馬俑發掘報告（1974）","秦始皇帝陵博物院","中華人民共和國（1974–）","考古與物質文化","秦始皇帝陵博物院","CN-ST-PRC-35","https://www.bmy.com.cn/","zh","文字;圖檔","1974年陝西臨潼農民打井發現、秦始皇兵馬俑坑之發掘與保護工作，出土陶俑、陶馬與青銅兵器，秦始皇帝陵博物院整理發掘報告與研究資料，為共和國最著名考古發現之一","兵馬俑;秦始皇陵;考古;發掘報告;世界文化遺產","中華人民共和國（1949–迄今）","陝西西安","–","馬王堆漢墓發掘報告;中華文明探源工程","秦始皇帝陵博物院","秦始皇帝陵博物院","2026-07-31","UNCLEAR","網站公開瀏覽","已收錄 metadata","二十世紀重大考古發現","中華人民共和國"
"馬王堆漢墓發掘報告（1972–1974）","湖南省博物館","中華人民共和國（1972–1974）","考古與物質文化","湖南省博物館","CN-ST-PRC-36","https://www.hnmuseum.com/","zh","文字;圖檔","1972–1974年湖南長沙馬王堆漢墓之系統發掘，出土西漢女屍、帛畫、帛書與漆器，湖南省博物館典藏並發表發掘報告，為共和國考古學之里程碑發掘","馬王堆;漢墓;帛書;發掘報告;西漢","中華人民共和國（1949–迄今）","湖南長沙","–","秦始皇兵馬俑發掘報告;中華文明探源工程","湖南省博物館","湖南省博物館","2026-07-31","UNCLEAR","網站公開瀏覽","已收錄 metadata","馬王堆重大考古發掘","中華人民共和國"
"南海一號沉船考古（2007）","廣東省博物館","中華人民共和國（1987–2007）","考古與物質文化","廣東省博物館","CN-ST-PRC-37","https://www.gdmuseum.com/","zh","文字;圖檔","南宋古船「南海一號」之發現與2007年整體打撈，出水大量瓷器、金器與錢幣，廣東省博物館（海上絲綢之路博物館）整理考古資料，為共和國水下考古之代表性成果","南海一號;沉船;水下考古;海上絲綢之路;南宋","中華人民共和國（1949–迄今）","廣東陽江","–","中華文明探源工程;三星堆祭祀坑新發掘","廣東省博物館","廣東省博物館","2026-07-31","UNCLEAR","網站公開瀏覽","已收錄 metadata","水下考古代表性成果","中華人民共和國"
"三星堆祭祀坑新發掘（1986、2020–）","四川省文物考古研究院","中華人民共和國（1986–）","考古與物質文化","三星堆博物館","CN-ST-PRC-38","https://www.sxd.cn/","zh","文字;圖檔","1986年與2020年以來四川廣漢三星堆祭祀坑之發掘，出土青銅面具、神樹、金杖與象牙等，四川省文物考古研究院主持發掘、三星堆博物館展示，為古蜀文明之核心考古成果","三星堆;古蜀文明;青銅器;祭祀坑;考古","中華人民共和國（1949–迄今）","四川廣漢","–","中華文明探源工程;秦始皇兵馬俑發掘報告","四川省文物考古研究院","三星堆博物館","2026-07-31","UNCLEAR","網站公開瀏覽","已收錄 metadata","古蜀文明核心考古成果","中華人民共和國"
"中華文明探源工程","國家文物局","中華人民共和國（2002–）","考古與物質文化","國家文物局","CN-ST-PRC-39","https://www.ncha.gov.cn/","zh","文字;圖檔","國家「中華文明探源工程」之考古研究與發掘成果，涵蓋良渚、石峁、陶寺、二里頭等遺址之多學科研究，國家文物局公布階段性成果，為共和國考古學國家工程之代表","中華文明探源;考古;良渚;石峁;二里頭","中華人民共和國（1949–迄今）","全中國","–","良渚古城與水利系統遺址;秦始皇兵馬俑發掘報告","國家文物局","國家文物局","2026-07-31","UNCLEAR","網站公開瀏覽","已收錄 metadata","文明起源國家考古工程","中華人民共和國"
"人民英雄紀念碑碑文與設計史料","北京市人民政府","中華人民共和國（1949–1958）","碑碣與實物刻文","國家文物局","CN-ST-PRC-40","https://www.ncha.gov.cn/","zh","文字;圖檔","北京天安門廣場人民英雄紀念碑之興建史料，含毛澤東題詞「人民英雄永垂不朽」與碑座浮雕設計，1958年落成，相關圖檔與設計資料為共和國紀念碑刻之代表","人民英雄紀念碑;天安門;浮雕;紀念碑;碑文","中華人民共和國（1949–迄今）","北京","–","革命紀念碑與烈士陵園史料;開國大典影像與照片","北京市人民政府","國家文物局","2026-07-31","UNCLEAR","館藏影像，需申請調閱","已收錄 metadata","共和國紀念碑刻代表","中華人民共和國"
"革命紀念碑與烈士陵園史料","國家文物局","中華人民共和國（1949–迄今）","碑碣與實物刻文","國家文物局","CN-ST-PRC-41","https://www.ncha.gov.cn/","zh","文字;圖檔","全國革命紀念碑、烈士陵園與革命文物之登錄與保護資料，國家文物局公布文物保護單位名錄與革命文物專題，為共和國「革命文物」體系之系統紀錄","革命紀念碑;烈士陵園;革命文物;文物保護;紀念","中華人民共和國（1949–迄今）","全中國","–","人民英雄紀念碑碑文與設計史料;國家文物局","國家文物局","國家文物局","2026-07-31","UNCLEAR","網站公開瀏覽","已收錄 metadata","革命文物體系紀錄","中華人民共和國"
"兩彈一星元勳口述史","中國科學院","中華人民共和國（1955–）","口述歷史","中國科學院","CN-ST-PRC-42","https://www.cas.cn/","zh","文字;影音","參與原子彈、氫彈與人造衛星工程之科學家口述訪談，涵蓋錢學森、鄧稼先、于敏等元勳之親歷紀錄，中國科學院組織口述史計畫整理，為共和國科技史之珍貴見證","兩彈一星;口述史;科學家;錢學森;國防科技","中華人民共和國（1949–迄今）","北京、青海、新疆","–","錢學森文獻與檔案;中國科學院科技發展史料","中國科學院","中國科學院","2026-07-31","UNCLEAR","訪談資料需申請使用","已收錄 metadata","兩彈一星親歷者訪談","中華人民共和國"
"知識青年上山下鄉口述","中國國家圖書館","中華人民共和國（1968–1981）","口述歷史","中國國家圖書館","CN-ST-PRC-43","https://www.nlc.cn/","zh","文字;影音","1968年知識青年上山下鄉運動之親歷者口述訪談與回憶錄，涵蓋下鄉知青在農村的勞動與生活經歷，中國國家圖書館整理專題文獻，為共和國社會史之重要口述史料","知識青年;知青;上山下鄉;口述史;一代人","中華人民共和國（1949–迄今）","全中國","–","中國青年報;改革開放親歷者口述","中國國家圖書館","中國國家圖書館","2026-07-31","UNCLEAR","訪談資料需申請使用","已收錄 metadata","知青一代口述紀錄","中華人民共和國"
"改革開放親歷者口述","人民網","中華人民共和國（1978–）","口述歷史","人民網","CN-ST-PRC-44","https://www.people.com.cn/","zh","文字;影音","改革開放歷程親歷者之口述訪談專題，涵蓋特區建設者、鄉鎮企業家、留學生與下海者之見證，人民網製作系列訪談節目並整理文字稿，為共和國轉型史之生動口述史料","改革開放;口述史;親歷者;特區;企業家","中華人民共和國（1949–迄今）","全中國","–","深圳經濟特區檔案;改革開放四十年影像","人民網","人民網","2026-07-31","UNCLEAR","網站公開瀏覽","已收錄 metadata","改革開放見證訪談","中華人民共和國"
"浦東開發開放口述史","上海市地方誌辦公室","中華人民共和國（1990–）","口述歷史","上海市地方誌辦公室","CN-ST-PRC-45","–","zh","文字;影音","上海浦東開發開放三十年之親歷者口述訪談，涵蓋規劃者、金融從業者與建設者之見證，上海市地方誌辦公室與相關機構整理出版，為共和國區域開發史之重要口述史料","浦東;上海;開發開放;口述史;金融中心","中華人民共和國（1949–迄今）","上海","–","深圳經濟特區檔案;改革開放親歷者口述","上海市地方誌辦公室","上海市地方誌辦公室","2026-07-31","UNCLEAR","訪談資料需申請使用","已收錄 metadata","浦東開發親歷訪談","中華人民共和國"
"中國人民銀行金融史料","中國人民銀行","中華人民共和國（1948–迄今）","產業與經濟實錄","中國人民銀行","CN-ST-PRC-46","https://www.pbc.gov.cn/","zh","文字","中國人民銀行自1948年成立起之金融史料與貨幣發行紀錄，涵蓋人民幣制度、計畫經濟時期之金融管理與改革開放以來之央行體系，人民銀行網站提供歷史資料，為共和國金融史之核心史料","中國人民銀行;央行;貨幣;金融史;人民幣","中華人民共和國（1949–迄今）","北京、全中國","–","法幣改革與中央銀行檔案;中國銀行行史","中國人民銀行","中國人民銀行","2026-07-31","UNCLEAR","網站公開瀏覽","已收錄 metadata","共和國金融史核心史料","中華人民共和國"
"大慶油田開發史料","中國石油天然氣集團有限公司","中華人民共和國（1959–）","產業與經濟實錄","中國石油天然氣集團有限公司","CN-ST-PRC-47","https://www.cnpc.com.cn/","zh","文字;圖檔","1959年大慶油田發現與開發之史料，含「鐵人」王進喜與石油會戰之檔案與報導，為共和國工業化與「石油工業學大慶」之象徵，中國石油集團整理油田開發史料","大慶油田;石油;王進喜;工業化;石油會戰","中華人民共和國（1949–迄今）","黑龍江大慶","–","一五計畫與社會主義改造檔案;中國工業與國民經濟統計","中國石油天然氣集團有限公司","中國石油天然氣集團有限公司","2026-07-31","UNCLEAR","館藏史料，需申請調閱","已收錄 metadata","共和國工業化象徵","中華人民共和國"
"三峽工程檔案","中國長江三峽集團有限公司","中華人民共和國（1994–2020）","產業與經濟實錄","中國長江三峽集團有限公司","CN-ST-PRC-48","https://www.ctg.com.cn/","zh","文字;圖檔","長江三峽工程之論證、建設與移民安置檔案，1994年開工、2020年全面竣工，為世界最大水利樞紐工程，三峽集團與長江水利委員會整理工程史料，涵蓋建設、發電與生態爭議","三峽工程;水利;發電;移民;長江","中華人民共和國（1949–迄今）","湖北宜昌、重慶","–","1998年特大洪水檔案;中國能源統計年鑑","中國長江三峽集團有限公司","中國長江三峽集團有限公司","2026-07-31","UNCLEAR","館藏史料，需申請調閱","已收錄 metadata","世界最大水利樞紐工程史料","中華人民共和國"
"中國高速鐵路建設史料","中國國家鐵路集團有限公司","中華人民共和國（2008–）","產業與經濟實錄","中國國家鐵路集團有限公司","CN-ST-PRC-49","https://www.china-railway.com.cn/","zh","文字;圖檔","2008年京津城際鐵路通車以來中國高速鐵路建設與營運史料，涵蓋路網規劃、技術引進與自主創新歷程，中國國家鐵路集團公布營運數據與建設資料，為共和國交通現代化之重要紀錄","高鐵;高速鐵路;鐵路;交通建設;鐵路網","中華人民共和國（1949–迄今）","全中國","–","民國鐵道部與國有鐵路統計;中國統計年鑑","中國國家鐵路集團有限公司","中國國家鐵路集團有限公司","2026-07-31","UNCLEAR","網站公開瀏覽","已收錄 metadata","高鐵時代交通史料","中華人民共和國"
"深圳經濟特區檔案","深圳市人民政府","中華人民共和國（1980–）","產業與經濟實錄","深圳市檔案館","CN-ST-PRC-50","https://www.szdag.gov.cn/","zh","文字;圖檔","1980年深圳經濟特區建立以來之決策與發展檔案，涵蓋特區條例、招商引資、城市規劃與改革試驗，深圳市檔案館典藏並提供開放查詢，為共和國改革開放史之關鍵地方檔案","深圳;經濟特區;改革開放;特區檔案;城市化","中華人民共和國（1949–迄今）","廣東深圳","–","十一屆三中全會與改革開放文件;浦東開發開放口述史","深圳市人民政府","深圳市檔案館","2026-07-31","UNCLEAR","網站公開瀏覽","已收錄 metadata","改革開放窗口城市檔案","中華人民共和國"
"中國商飛C919研製史料","中國商用飛機有限責任公司","中華人民共和國（2008–）","產業與經濟實錄","中國商用飛機有限責任公司","CN-ST-PRC-51","https://www.comac.cc/","zh","文字;圖檔","中國商飛公司研製C919大型客機之史料，2008年成立公司、2023年商業首航，涵蓋自主研製、適航取證與產業鏈建設，公司官網發布研製進展與資料，為共和國高端製造之代表","C919;大飛機;中國商飛;航空工業;自主研製","中華人民共和國（1949–迄今）","上海、全中國","–","中國科學院科技發展史料;改革開放四十年影像","中國商用飛機有限責任公司","中國商用飛機有限責任公司","2026-07-31","UNCLEAR","網站公開瀏覽","已收錄 metadata","大飛機研製代表史料","中華人民共和國"
"掃盲運動史料","中華人民共和國教育部","中華人民共和國（1950–1990）","教育與醫療史","中國國家圖書館","CN-ST-PRC-52","https://www.nlc.cn/","zh","文字;圖檔","建國初期至八〇年代之掃盲運動檔案與教材，涵蓋冬學運動、掃盲識字班與工農速成教育，中國國家圖書館整理掃盲專題文獻，為共和國教育史與國民素質提升之重要史料","掃盲;識字;教育;冬學;工農教育","中華人民共和國（1949–迄今）","全中國","–","恢復高考檔案;中國新方志","中華人民共和國教育部","中國國家圖書館","2026-07-31","UNCLEAR","館藏原件，需申請調閱","已收錄 metadata","掃盲運動教育史料","中華人民共和國"
"恢復高考（1977）檔案","中華人民共和國教育部","中華人民共和國（1977）","教育與醫療史","中華人民共和國教育部","CN-ST-PRC-53","https://www.moe.gov.cn/","zh","文字","1977年恢復高等學校招生考試之文件與親歷紀錄，為文革後教育制度之轉折點，教育部整理恢復高考史料，涵蓋招生改革與人才選拔，為共和國教育史之關鍵事件","恢復高考;1977;高考;招生;教育制度","中華人民共和國（1949–迄今）","全中國","–","掃盲運動史料;光明日報","中華人民共和國教育部","中華人民共和國教育部","2026-07-31","UNCLEAR","網站公開瀏覽","已收錄 metadata","高考制度恢復之轉折","中華人民共和國"
"北京協和醫學院（1949年以來）","北京協和醫學院","中華人民共和國（1949–迄今）","教育與醫療史","北京協和醫學院","CN-ST-PRC-54","https://www.pumc.edu.cn/","zh","文字","北京協和醫學院1949年後之辦學與醫學研究史料，涵蓋院校調整、臨床醫學與公共衛生發展，協和官網提供校史資料，為共和國現代醫學教育史之代表機構史料","協和醫學院;醫學教育;公衛;醫療;院校調整","中華人民共和國（1949–迄今）","北京","–","北京協和醫學院民國時期史料;SARS防治檔案","北京協和醫學院","北京協和醫學院","2026-07-31","UNCLEAR","網站公開瀏覽","已收錄 metadata","現代醫學教育代表機構","中華人民共和國"
"SARS防治檔案（2003）","國家衛生健康委員會","中華人民共和國（2003）","教育與醫療史","國家衛生健康委員會","CN-ST-PRC-55","https://www.nhc.gov.cn/","zh","文字","2003年SARS疫情之防治政策文件與公衛應對紀錄，涵蓋疫情發布、隔離措施與醫療體系動員，國家衛生健康委員會網站保留歷年通報，為共和國公共衛生史之重大事件史料","SARS;非典;疫情;公共衛生;防治","中華人民共和國（1949–迄今）","北京、廣東、全中國","–","新冠疫情公開數據與文件;北京協和醫學院","國家衛生健康委員會","國家衛生健康委員會","2026-07-31","UNCLEAR","網站公開瀏覽","已收錄 metadata","SARS疫情公衛史料","中華人民共和國"
"新冠疫情公開數據與文件","國家衛生健康委員會","中華人民共和國（2020–2023）","教育與醫療史","國家衛生健康委員會","CN-ST-PRC-56","https://www.nhc.gov.cn/","zh","文字","COVID-19疫情期間國家衛生健康委員會發布之每日疫情通報、診療方案與防控文件，官網完整保留公開紀錄，為共和國當代公共衛生與社會應對之第一手官方史料","COVID-19;新冠疫情;疫情通報;公共衛生;防控","中華人民共和國（1949–迄今）","武漢、全中國","–","SARS防治檔案;國家統計局","國家衛生健康委員會","國家衛生健康委員會","2026-07-31","UNCLEAR","網站公開瀏覽","已收錄 metadata","當代疫情官方紀錄","中華人民共和國"
"中國科學院科技發展史料","中國科學院","中華人民共和國（1949–迄今）","教育與醫療史","中國科學院","CN-ST-PRC-57","https://www.cas.cn/","zh","文字;圖檔","中國科學院自1949年成立起之科研機構沿革與重大科研成果史料，涵蓋「兩彈一星」、人工合成胰島素、北斗與深海探測等，科學院網站提供歷史資料，為共和國科技史之核心史料","中國科學院;科研;科技史;兩彈一星;院士","中華人民共和國（1949–迄今）","北京、全中國","–","兩彈一星元勳口述史;錢學森文獻與檔案","中國科學院","中國科學院","2026-07-31","UNCLEAR","網站公開瀏覽","已收錄 metadata","共和國科技發展核心史料","中華人民共和國"
"1954年長江特大洪水檔案","中華人民共和國水利部","中華人民共和國（1954）","自然與環境背景","中華人民共和國水利部","CN-ST-PRC-58","https://www.mwr.gov.cn/","zh","文字","1954年長江中下游特大洪水之災情與治理檔案，促成荊江分洪工程與堤防加固建設，水利部與長江水利委員會整理災害史料，為共和國水患治理史之關鍵紀錄","1954年洪水;長江;水災;分洪;水利","中華人民共和國（1949–迄今）","長江中下游","–","1998年特大洪水檔案;三峽工程檔案","中華人民共和國水利部","中華人民共和國水利部","2026-07-31","UNCLEAR","網站公開瀏覽","已收錄 metadata","建國初期長江大水史料","中華人民共和國"
"1998年特大洪水檔案","中華人民共和國水利部","中華人民共和國（1998）","自然與環境背景","中華人民共和國水利部","CN-ST-PRC-59","https://www.mwr.gov.cn/","zh","文字","1998年長江、松花江特大洪水之災情與軍民抗洪檔案，涵蓋災害損失統計與後續水利投資政策，水利部公布抗洪與治理資料，為共和國當代災害治理史之重要史料","1998年洪水;長江;抗洪;水災;水利投資","中華人民共和國（1949–迄今）","長江流域、松花江","–","1954年長江特大洪水檔案;三峽工程檔案","中華人民共和國水利部","中華人民共和國水利部","2026-07-31","UNCLEAR","網站公開瀏覽","已收錄 metadata","當代抗洪治理史料","中華人民共和國"
"汶川地震（2008）檔案","中國地震局","中華人民共和國（2008）","自然與環境背景","中國地震局","CN-ST-PRC-60","https://www.cea.gov.cn/","zh","文字;圖檔","2008年5月12日汶川大地震之震情、救災與重建檔案，中國地震局發布地震參數與災情資料，涵蓋應急救援與災後重建，為共和國防災減災史之重大事件史料","汶川地震;2008;地震;救災;重建","中華人民共和國（1949–迄今）","四川汶川、全中國","–","中國現代氣象記錄;中國統計年鑑","中國地震局","中國地震局","2026-07-31","UNCLEAR","網站公開瀏覽","已收錄 metadata","八級地震災害史料","中華人民共和國"
"三北防護林工程史料","國家林業和草原局","中華人民共和國（1978–）","自然與環境背景","國家林業和草原局","CN-ST-PRC-61","https://www.forestry.gov.cn/","zh","文字","1978年啟動之三北防護林體系建設工程史料，涵蓋造林面積、荒漠化治理與生態效益統計，國家林業和草原局公布工程進展，為世界最大規模生態工程之官方紀錄","三北防護林;植樹造林;荒漠化;生態工程;林業","中華人民共和國（1949–迄今）","西北、華北、東北","–","中國能源統計年鑑;中國統計年鑑","國家林業和草原局","國家林業和草原局","2026-07-31","UNCLEAR","網站公開瀏覽","已收錄 metadata","最大規模生態工程史料","中華人民共和國"
"中國現代氣象記錄","中國氣象局","中華人民共和國（1949–迄今）","自然與環境背景","中國氣象局","CN-ST-PRC-62","https://www.cma.gov.cn/","zh","文字","中國氣象局1949年以來之氣象觀測與氣候記錄，含氣候變遷監測、極端天氣與氣象災害資料，氣象局網站提供歷史數據查詢，為共和國氣候與環境變遷之權威紀錄","氣象;氣候變遷;觀測;氣象災害;環境","中華人民共和國（1949–迄今）","全中國","–","中國能源統計年鑑;汶川地震檔案","中國氣象局","中國氣象局","2026-07-31","UNCLEAR","網站公開瀏覽","已收錄 metadata","共和國氣候權威紀錄","中華人民共和國"
